{"cameraMode":{"drawMode":0,"name":"Shaded","section":"Shading Mode"},"sceneLighting":false,"audioPlay":false,"sceneViewState":{"m_AlwaysRefresh":false,"showFog":true,"showSkybox":false,"showFlares":true,"showImageEffects":true,"showParticleSystems":true,"showVisualEffectGraphs":true,"m_FxEnabled":true},"in2DMode":false,"pivot":{"x":0.006286680698394775,"y":1.0158326625823975,"z":0.014112293720245362},"rotation":{"x":-0.42548269033432009,"y":-0.01195935346186161,"z":0.005594441667199135,"w":-0.9049533009529114},"size":1.1019680500030518,"orthographic":false}