{"cameraMode":{"drawMode":0,"name":"Shaded","section":"Shading Mode"},"sceneLighting":false,"audioPlay":false,"sceneViewState":{"m_AlwaysRefresh":false,"showFog":true,"showSkybox":false,"showFlares":true,"showImageEffects":true,"showParticleSystems":true,"showVisualEffectGraphs":true,"m_FxEnabled":true},"in2DMode":false,"pivot":{"x":-14.666499137878418,"y":0.1683100461959839,"z":29.046913146972658},"rotation":{"x":0.015581588260829449,"y":0.9773596525192261,"z":-0.07635638117790222,"w":0.19727864861488343},"size":0.9488357901573181,"orthographic":false}