{"cameraMode":{"drawMode":0,"name":"Shaded","section":"Shading Mode"},"sceneLighting":false,"audioPlay":false,"sceneViewState":{"m_AlwaysRefresh":false,"showFog":true,"showSkybox":false,"showFlares":true,"showImageEffects":true,"showParticleSystems":true,"showVisualEffectGraphs":true,"m_FxEnabled":true},"in2DMode":false,"pivot":{"x":0.006286680698394775,"y":1.0158326625823975,"z":0.9291123151779175},"rotation":{"x":-0.3129000663757324,"y":-0.6095821857452393,"z":0.28435230255126955,"w":-0.6706724166870117},"size":1.4019678831100464,"orthographic":false}