{"cameraMode":{"drawMode":0,"name":"Shaded","section":"Shading Mode"},"sceneLighting":false,"audioPlay":false,"sceneViewState":{"m_AlwaysRefresh":false,"showFog":true,"showSkybox":false,"showFlares":true,"showImageEffects":true,"showParticleSystems":true,"showVisualEffectGraphs":true,"m_FxEnabled":true},"in2DMode":false,"pivot":{"x":0.17920230329036714,"y":0.11743144690990448,"z":0.06898818165063858},"rotation":{"x":-0.13967709243297578,"y":0.8003000020980835,"z":-0.20482337474822999,"w":-0.5461475849151611},"size":0.9953672289848328,"orthographic":false}