{"cameraMode":{"drawMode":0,"name":"Shaded","section":"Shading Mode"},"sceneLighting":false,"audioPlay":false,"sceneViewState":{"m_AlwaysRefresh":false,"showFog":true,"showSkybox":false,"showFlares":true,"showImageEffects":true,"showParticleSystems":true,"showVisualEffectGraphs":true,"m_FxEnabled":true},"in2DMode":false,"pivot":{"x":-0.0014074444770812989,"y":0.0011831820011138917,"z":-0.00005799531936645508},"rotation":{"x":-0.3266405165195465,"y":-0.2957375645637512,"z":0.1083986759185791,"w":-0.8912176489830017},"size":0.792746365070343,"orthographic":false}