{"cameraMode":{"drawMode":0,"name":"Shaded","section":"Shading Mode"},"sceneLighting":false,"audioPlay":false,"sceneViewState":{"m_AlwaysRefresh":false,"showFog":true,"showSkybox":false,"showFlares":true,"showImageEffects":true,"showParticleSystems":true,"showVisualEffectGraphs":true,"m_FxEnabled":true},"in2DMode":false,"pivot":{"x":-0.000410664826631546,"y":0.0436507984995842,"z":0.007589161396026611},"rotation":{"x":-0.51924067735672,"y":-0.01515448372811079,"z":0.009149600751698017,"w":-0.8545511364936829},"size":0.6851197481155396,"orthographic":false}